[
    {
      "uuid": "test19ce0dd973264fd4b60dbcf84c2598a7",
      "first_name": "Jane",
      "last_name": "Street",
      "street": "Elvnu Street",
      "address": "H no 2 ",
      "city": "Delhi",
      "state": "Delhi",
      "email": "sam@gmail.com",
      "phone": "12345678"
    },
    {
      "uuid": "test281c3161092245a480d78d005e895301",
      "first_name": "njvdbjwndjv swv",
      "last_name": "vdjsbvjs",
      "street": "njcvbdjbjw",
      "address": "nbjfdbjvbdfsj",
      "city": "bjvbfdvbdsf",
      "state": "njcdbjbvsj",
      "email": "bvjdbsj@njfdw",
      "phone": "r3872832"
    },
    
    {
      "uuid": "test4b9f4b3805874f7d9e05faaae6497464",
      "first_name": "hello",
      "last_name": "bro",
      "street": "mumbai",
      "address": "efewfwefw",
      "city": "gwe",
      "state": "weg",
      "email": "weg",
      "phone": "5818"
    },
    {
      "uuid": "test66cba2d0a1cc46fcb3a160cc9b75e2f0",
      "first_name": "abc",
      "last_name": "dsh",
      "street": "vndjwnvjw",
      "address": "dsno",
      "city": "fhsohfs",
      "state": "disbn",
      "email": "asadsin",
      "phone": "9021803"
    },
    {
      "uuid": "test7b31b080e0c9421fb091e742d1f4beb0",
      "first_name": "",
      "last_name": "Doe",
      "street": "Elvnu Street",
      "address": "H no 2 ",
      "city": "Delhi",
      "state": "Delhincr",
      "email": "sam@gmail.com",
      "phone": "12345678"
    },
    {
      "uuid": "test81c4454ab2a44970a3a0618cffecc433",
      "first_name": "Jane",
      "last_name": "Doe",
      "street": "Elvnu Street",
      "address": "H no 2 ",
      "city": "Delhi",
      "state": "Delhi",
      "email": "sam@gmail.com",
      "phone": "12345678"
    },
    {
      "uuid": "test86f7d1f6700648f2b086b77971b9a691",
      "first_name": "Jane",
      "last_name": "Doe",
      "street": "Elvnu Street",
      "address": "H no 2 ",
      "city": "Delhi",
      "state": "Delhi",
      "email": "sam@gmail.com",
      "phone": "12345678"
    },
    {
      "uuid": "testacd8f6ddcae14e249e4304eb6e95fc03",
      "first_name": "ef",
      "last_name": "bro",
      "street": "Elvnu Street",
      "address": "H no 2 ",
      "city": "v",
      "state": "df",
      "email": "fv",
      "phone": "erv"
    },
    {
      "uuid": "testd0723f7afca940d6b3adc3b1f150530f",
      "first_name": "Jane",
      "last_name": "Doe",
      "street": "s v road",
      "address": "H no 2 ",
      "city": "Delhi",
      "state": "Delhi",
      "email": "samismemeissam@gmail.com",
      "phone": "12345678"
    },
    {
      "uuid": "testd4054d367ed2439b912ec28000600a5b",
      "first_name": "hello",
      "last_name": "ewf",
      "street": "wf",
      "address": "wef",
      "city": "kolkata",
      "state": "wef",
      "email": "wef",
      "phone": "wef"
    },
    {
      "uuid": "testdd3f68f6af204beaa024c8a1e9a40d26",
      "first_name": "Jane",
      "last_name": "Doe",
      "street": "Elvnu Street",
      "address": "this",
      "city": "Delhi",
      "state": "Delhi",
      "email": "sam@gmail.com",
      "phone": "12345678"
    },
    {
      "uuid": "teste026289268f245989ab5b2438309499e",
      "first_name": "Jane",
      "last_name": "Doe",
      "street": "Elvnu Street",
      "address": "H no 2 ",
      "city": "Delhi",
      "state": "Delhi",
      "email": "sam@gmail.com",
      "phone": "12345678"
    }
  ]